id,name,phone_number,avatar
02a8324c-d9bc-4403-b7fd-47830d5e2be1,Lisa Luna,+84965770371,http://127.0.0.1:8000/images/avatar/user/avatar6.jpg
0435c0a3-9018-4bd3-a2e2-0372b8da19d3,Charles Cochran,+84336924183,http://127.0.0.1:8000/images/avatar/user/avatar3.jpg
05bf1c09-5f9b-4981-965b-4bf506c37c91,Stephanie Brown,+84314785371,http://127.0.0.1:8000/images/avatar/user/avatar8.jpg
0db02bdf-c208-4aed-8900-c005b5b457cb,Norman,+84990410811,http://127.0.0.1:8000/images/avatar/user/avatar1.jpg
1412a34d-993b-4fb3-9094-39a700fcf8e6,Christopher Ortiz,+84273763113,http://127.0.0.1:8000/images/avatar/user/avatar7.jpg
16a22854-f1a7-45bc-ba02-0be0a3cc1173,Heidi Bentley,+84434902916,http://127.0.0.1:8000/images/avatar/user/avatar6.jpg
17396391-e44f-4217-94f8-c4b749ef2bb0,Melinda Osborn,+84223508052,http://127.0.0.1:8000/images/avatar/user/avatar3.jpg
1b88f3a6-cfdc-4651-a32d-ba647d98cd96,Benjamin Gilmore,+84950705065,http://127.0.0.1:8000/images/avatar/user/avatar4.jpg
214c2f7f-a269-4ec2-9787-0451b08cd16c,Dylan Rhodes,+84653725376,http://127.0.0.1:8000/images/avatar/user/avatar2.jpg
22b6fa69-40c6-47e2-a57d-4b61dcdb32f1,Lindsey Crawford,+84130993158,http://127.0.0.1:8000/images/avatar/user/avatar1.jpg
2421ed58-478c-41d3-b10c-e99b2ee72f6e,Pamela King,+84272055640,http://127.0.0.1:8000/images/avatar/user/avatar8.jpg
24d214db-073d-47fe-aae0-b786dec4f364,Todd Velez,+84750923259,http://127.0.0.1:8000/images/avatar/user/avatar6.jpg
2b0684e7-296f-4488-8c89-16a952e8b65c,Rhonda Weber MD,+84662631825,http://127.0.0.1:8000/images/avatar/user/avatar7.jpg
2c17eb18-4a72-4f2d-bfb7-1c6aaf89019b,Ronald Allen,+84268040623,http://127.0.0.1:8000/images/avatar/user/avatar6.jpg
2eb90815-dfc0-43bc-b937-72ee142572d2,James Brown,+84947517053,http://127.0.0.1:8000/images/avatar/user/avatar3.jpg
3246a402-ba75-4af5-8731-f2c8ff135cd5,Jeffrey Norris,+84673014701,http://127.0.0.1:8000/images/avatar/user/avatar5.jpg
32f07888-5cb8-453d-8779-bcbf173ba5a3,Miguel Bennett,+84198148527,http://127.0.0.1:8000/images/avatar/user/avatar3.jpg
34a4371b-a5b9-4b3d-8b43-ba69c8bbd452,Shawn Scott,+84648186819,http://127.0.0.1:8000/images/avatar/user/avatar8.jpg
353abcf3-d18f-4dfe-a67c-48d3d7902b3e,Jason Brown,+84466495356,http://127.0.0.1:8000/images/avatar/user/avatar6.jpg
3ab7380e-9774-4ba3-ba4e-c84730a2d15d,Chris Williamson,+84882055452,http://127.0.0.1:8000/images/avatar/user/avatar5.jpg
3dc0606a-c43a-4e7b-b657-3883fc14c649,Lauren Davis,+84716035889,http://127.0.0.1:8000/images/avatar/user/avatar2.jpg
3e8638d2-6402-4afe-a8fb-3afb4eac01be,Tommy Burch,+84768190834,http://127.0.0.1:8000/images/avatar/user/avatar3.jpg
3f307709-b126-4e23-9dfb-bf127b3add05,Anna Johnson,+84385096197,http://127.0.0.1:8000/images/avatar/user/avatar4.jpg
3f844b84-1b86-4987-9d79-a3425ac63c83,Miss Kim Herman,+84215393321,http://127.0.0.1:8000/images/avatar/user/avatar1.jpg
3ffaf139-5e46-499e-bdc2-1eb90e5ba1ce,Tony Olson,+84705044857,http://127.0.0.1:8000/images/avatar/user/avatar5.jpg
46dc4843-a6b0-4323-9c12-130c6459a52e,Jason Myers,+84244056804,http://127.0.0.1:8000/images/avatar/user/avatar1.jpg
4a03afda-ba4f-4bf2-8d1c-c8189534ed6a,Kyle Taylor,+84498884005,http://127.0.0.1:8000/images/avatar/user/avatar7.jpg
4a0b856e-a143-4e9b-a65a-ddc4882a27c1,Christopher Smith,+84971357578,http://127.0.0.1:8000/images/avatar/user/avatar4.jpg
4ebce82c-6b19-4080-88fa-b67684faf3e4,Margaret Bryan,+84180289880,http://127.0.0.1:8000/images/avatar/user/avatar7.jpg
4f0c5507-b4a1-4963-abb7-ec2e8c5e1338,Victor Irwin,+84112557201,http://127.0.0.1:8000/images/avatar/user/avatar7.jpg
4ff2085f-867b-437c-a14c-86918c4cef83,Dawn Scott,+84179440749,http://127.0.0.1:8000/images/avatar/user/avatar5.jpg
512c1813-1b59-4b5f-bde1-b945e370578a,Kristen Nguyen,+84410826496,http://127.0.0.1:8000/images/avatar/user/avatar7.jpg
51e8202b-438c-41bc-ba11-eb84e346f25a,Henry Harrell,+84197314174,http://127.0.0.1:8000/images/avatar/user/avatar4.jpg
53563eff-6e73-4b90-81b5-23054488d896,Sarah Smith,+84910893811,http://127.0.0.1:8000/images/avatar/user/avatar2.jpg
54028626-2172-4fb5-befe-e45b750c6346,Alan Lozano,+84659302796,http://127.0.0.1:8000/images/avatar/user/avatar8.jpg
568db85c-afca-408e-b626-5c1982eea906,Tammy Banks,+84227156175,http://127.0.0.1:8000/images/avatar/user/avatar3.jpg
5743768c-08da-40f9-bdee-e4583a6f8d45,Arthur Dennis III,+84960102705,http://127.0.0.1:8000/images/avatar/user/avatar8.jpg
57a4014f-e43a-4229-ab88-a4c6eccc2f26,Mark Peterson,+84699149386,http://127.0.0.1:8000/images/avatar/user/avatar8.jpg
5fd7a751-0021-414b-999b-b72e27f95e04,Kelly Myers,+84944512060,http://127.0.0.1:8000/images/avatar/user/avatar8.jpg
653c82b6-9a3c-4ea1-bc0e-34a0bd86912d,Zachary Washington,+84726644373,http://127.0.0.1:8000/images/avatar/user/avatar5.jpg
656d96fa-3980-4072-a3c1-9ff5b3114bc1,Sara Taylor,+84712647623,http://127.0.0.1:8000/images/avatar/user/avatar3.jpg
6572653f-bb6e-4e1c-b401-297f8221d87a,Joseph Rodriguez,+84307116345,http://127.0.0.1:8000/images/avatar/user/avatar1.jpg
6939851f-da9a-45cb-abcc-55b440939811,Tina Jackson,+84686935368,http://127.0.0.1:8000/images/avatar/user/avatar3.jpg
6adcc830-c411-4dd6-8a36-d1ddb9faf2c2,Joseph Evans,+84921476566,http://127.0.0.1:8000/images/avatar/user/avatar8.jpg
6b456077-e89b-4ba4-84ce-c26d55ba997b,Melinda Davis,+84708855982,http://127.0.0.1:8000/images/avatar/user/avatar4.jpg
6c128927-e828-47c6-8124-e0e972044a01,Lisa Nichols,+84388408226,http://127.0.0.1:8000/images/avatar/user/avatar5.jpg
704ba734-4136-4d31-b694-2708c487c543,Carolyn Davis,+84153871516,http://127.0.0.1:8000/images/avatar/user/avatar7.jpg
794dc97a-55b0-4bad-a1e4-ee9f575c8a0e,Gloria Schneider,+84696412487,http://127.0.0.1:8000/images/avatar/user/avatar6.jpg
79de5eca-b2a7-4676-a2f4-3747aa751478,Heidi Weiss,+84610079053,http://127.0.0.1:8000/images/avatar/user/avatar8.jpg
7a6e8772-f546-4e4d-9af4-d5e31e0f2c29,John Patrick,+84689391598,http://127.0.0.1:8000/images/avatar/user/avatar2.jpg
7bdc8113-9531-4cde-b7e8-8e76884a4a63,Elizabeth Morton,+84788249916,http://127.0.0.1:8000/images/avatar/user/avatar8.jpg
8bd7c317-5678-49e7-a371-a38b79c9aa65,Lawrence Burke,+84546072069,http://127.0.0.1:8000/images/avatar/user/avatar2.jpg
8e1379d0-3c96-4432-a831-0a95727e6348,Julie Francis,+84241684097,http://127.0.0.1:8000/images/avatar/user/avatar5.jpg
8e208747-0d72-432f-9992-28bd147428f2,Mr. Christopher Graham DVM,+84347956060,http://127.0.0.1:8000/images/avatar/user/avatar5.jpg
92d7bbc8-9307-42e6-a102-7b8273a3b7c9,Lisa Terry,+84853260636,http://127.0.0.1:8000/images/avatar/user/avatar6.jpg
956a7879-1455-4f33-b9a5-a6c6785be78d,Lauren Lara,+84393382814,http://127.0.0.1:8000/images/avatar/user/avatar3.jpg
96b83ec0-c651-46f9-86b8-2d0979cabfc3,Benjamin Cameron,+84472404408,http://127.0.0.1:8000/images/avatar/user/avatar8.jpg
978678b3-0e69-4c8e-bf64-a52efea7e7bd,Andrew Leon,+84372544867,http://127.0.0.1:8000/images/avatar/user/avatar7.jpg
97904e5c-0f43-41a5-9ec0-8c91ae44e341,Kathy Lewis,+84943099076,http://127.0.0.1:8000/images/avatar/user/avatar2.jpg
99341915-68b5-4816-b684-6c718320719c,Timothy Grant,+84470205744,http://127.0.0.1:8000/images/avatar/user/avatar6.jpg
9ffbbd8d-3255-4f03-a2d5-b416530c99b1,Ronald Merritt,+84667469733,http://127.0.0.1:8000/images/avatar/user/avatar7.jpg
a29ec6a1-7a9d-485b-8437-b1174597b79f,Luke Johnson,+84167569271,http://127.0.0.1:8000/images/avatar/user/avatar6.jpg
a487bf0b-9cd5-472c-ace6-8ddb9a66e90b,Christy Wilson,+84191591558,http://127.0.0.1:8000/images/avatar/user/avatar7.jpg
aa13326a-9101-4217-93e5-ac9fd9c27b02,Sophia Frazier,+84911025303,http://127.0.0.1:8000/images/avatar/user/avatar3.jpg
ab3aabde-8b76-45ed-b55f-74bf18478440,Julie Cantu,+84894075725,http://127.0.0.1:8000/images/avatar/user/avatar2.jpg
adbdca91-5f61-4ab7-9d72-704c3dee7155,Eric Brown,+84425769243,http://127.0.0.1:8000/images/avatar/user/avatar4.jpg
b1b536c1-d202-44e7-bdf3-d6ce4ee6d579,Catherine Morris,+84825676146,http://127.0.0.1:8000/images/avatar/user/avatar5.jpg
b1c5b644-4f6f-4ce9-b6f9-600c1ff90eda,Jacob Erickson,+84835465131,http://127.0.0.1:8000/images/avatar/user/avatar2.jpg
b2035dc2-7731-49d7-94ff-14d095a28c81,Timothy York,+84283279628,http://127.0.0.1:8000/images/avatar/user/avatar5.jpg
b3aa4af6-1d9a-4a76-89c3-48b9899364cc,William Cruz,+84588848596,http://127.0.0.1:8000/images/avatar/user/avatar4.jpg
b7f249db-d6f1-4063-923d-6485134fdbbc,Emily Davis,+84207624830,http://127.0.0.1:8000/images/avatar/user/avatar8.jpg
ba021944-bcf2-452c-8bd3-2778ab7ce049,Steven Brooks,+84165431648,http://127.0.0.1:8000/images/avatar/user/avatar2.jpg
baa6cf41-a7f0-4ba3-bf45-d9efe84a1a47,Todd Nelson,+84215415292,http://127.0.0.1:8000/images/avatar/user/avatar6.jpg
c61f2081-6b31-482c-94b5-0e19668e5cba,Lawrence Hancock,+84300923446,http://127.0.0.1:8000/images/avatar/user/avatar8.jpg
c8f79160-6967-4072-b6c5-a4d4422c9874,Elizabeth Bennett,+84954756421,http://127.0.0.1:8000/images/avatar/user/avatar5.jpg
c95b26fc-2c48-407a-ad72-77ffb5947b84,Steven Lee,+84609206540,http://127.0.0.1:8000/images/avatar/user/avatar4.jpg
cbd62baf-d3ad-478a-b0d0-720352d04cd4,Matthew Whitaker,+84153561961,http://127.0.0.1:8000/images/avatar/user/avatar1.jpg
ccb4c34c-412d-48c3-a612-e3cdf7fde790,Jennifer Smith,+84860815145,http://127.0.0.1:8000/images/avatar/user/avatar2.jpg
ccfd0b7d-d0bf-4be0-9b70-6e615489fbc8,Rhonda Perez,+84182289990,http://127.0.0.1:8000/images/avatar/user/avatar3.jpg
cd212cc3-6cd4-4bbc-afcb-549a5948070b,Frank Jones,+84402530467,http://127.0.0.1:8000/images/avatar/user/avatar8.jpg
cff0e01f-9d51-4d4c-8c65-f9339e336fff,Russell Garrison,+84430698674,http://127.0.0.1:8000/images/avatar/user/avatar2.jpg
d1bb4853-18d9-47d6-9ecf-5b01b70b913c,Grant Cordova,+84470528810,http://127.0.0.1:8000/images/avatar/user/avatar1.jpg
d2228c7a-2a1e-4930-92db-a556a1a206ce,Regina Simmons,+84350688820,http://127.0.0.1:8000/images/avatar/user/avatar2.jpg
d2a653ca-0fd5-4452-9081-566514b9f97b,Megan White,+84506034938,http://127.0.0.1:8000/images/avatar/user/avatar8.jpg
d8554ea7-cf87-452b-91fb-814e9e3cf4a7,Bianca Shaffer,+84381449047,http://127.0.0.1:8000/images/avatar/user/avatar2.jpg
dc6132a9-ff20-4af1-8b71-a7ed5b2b51c1,Christopher Moore,+84647924184,http://127.0.0.1:8000/images/avatar/user/avatar6.jpg
dc9228df-6504-43fe-9b69-526f5d652eb1,Madison Holloway,+84695255603,http://127.0.0.1:8000/images/avatar/user/avatar3.jpg
de5c6df1-09de-4cdc-b22c-9a636f7ddcde,Mark Nelson DDS,+84352047709,http://127.0.0.1:8000/images/avatar/user/avatar2.jpg
df4d4c74-2e6a-4467-840f-2548172be299,Daniel Stewart,+84384019048,http://127.0.0.1:8000/images/avatar/user/avatar7.jpg
e26a8b61-84b8-4fae-860c-730fdca70934,Heather Johnson,+84199303477,http://127.0.0.1:8000/images/avatar/user/avatar6.jpg
ee0948e3-45a6-4e29-af5c-b7853609d5bf,Julie Brown,+84341556468,http://127.0.0.1:8000/images/avatar/user/avatar4.jpg
ee57917f-3f07-4050-aafc-0c246f433f22,Beth Malone,+84296532536,http://127.0.0.1:8000/images/avatar/user/avatar4.jpg
ee87c5db-a043-4511-9702-e86eda049e53,Nicole Lewis,+84494152030,http://127.0.0.1:8000/images/avatar/user/avatar2.jpg
eec4989e-75fa-4429-a559-1cb1441b5c06,Anthony Clements,+84421139737,http://127.0.0.1:8000/images/avatar/user/avatar7.jpg
ef525a2c-b41a-47a1-9d85-68e5de172451,Steven Boone,+84804195211,http://127.0.0.1:8000/images/avatar/user/avatar4.jpg
f343b490-b254-4a2b-9a9c-22c2e861e49e,Gregory Alvarado,+84740218346,http://127.0.0.1:8000/images/avatar/user/avatar7.jpg
f6cb6a45-be70-46fa-a3bf-cd3aa013a15e,Michael Martinez,+84380991053,http://127.0.0.1:8000/images/avatar/user/avatar1.jpg
f6f22faa-aa33-48c4-b049-65d68a6f411c,Russell Parker,+84172693451,http://127.0.0.1:8000/images/avatar/user/avatar7.jpg
fe791ea2-704f-4299-99ae-7933a461b3fb,Jacob Yang,+84414370970,http://127.0.0.1:8000/images/avatar/user/avatar8.jpg
ff7d9d76-35aa-404f-b3df-b1c843114260,Katherine Haynes,+84218521223,http://127.0.0.1:8000/images/avatar/user/avatar3.jpg
